{"schemaVersion":"1.0","appDefinitionTemplate":{"id":"/providers/Microsoft.PowerApps/apps/","type":"Microsoft.PowerApps/apps","tags":{"primaryDeviceWidth":"1366","primaryDeviceHeight":"768","supportsPortrait":"true","supportsLandscape":"true","primaryFormFactor":"Tablet","showStatusBar":"false","publisherVersion":"3.25064.2","minimumRequiredApiVersion":"2.2.0","hasComponent":"false","hasUnlockedComponent":"false","isUnifiedRootApp":"false","sienaVersion":"20250629T071131Z-3.25064.2.0"},"properties":{"appVersion":"2025-06-29T07:11:31Z","lifeCycleId":"Published","createdByClientVersion":{"major":3,"minor":25064,"build":2,"revision":0,"majorRevision":0,"minorRevision":0},"minClientVersion":{"major":3,"minor":25064,"build":2,"revision":0,"majorRevision":0,"minorRevision":0},"backgroundColor":"RGBA(0,176,240,1)","backgroundImageUri":"/15738103061752680768/Ned2b1659-5c85-4d48-b888-bbd0d4457c7d-logoSmallFile","displayName":"Text Function, Math Function and Date Function","description":"","commitMessage":"","appUris":{"documentUri":{"value":"/15738103061752680768/N006b0bcd-3d68-4115-ad01-0fdbcd3f0262-document.msapp"},"imageUris":[],"additionalUris":[{"isSolutionAware":false,"value":"/15738103061752680768/Nf5f4bcbd-8008-4883-ba73-58368b35ec2e-identity.json"}]},"createdTime":"0001-01-01T00:00:00Z","lastModifiedTime":"0001-01-01T00:00:00Z","sharedGroupsCount":0,"sharedUsersCount":0,"connectionReferences":{},"databaseReferences":{},"almMode":"Environment","performanceOptimizationEnabled":true,"canConsumeAppPass":true,"enableModernRuntimeMode":false,"executionRestrictions":{"isTeamsOnly":false,"dataLossPreventionEvaluationResult":{"status":"Compliant","lastEvaluationDate":"2025-06-25T10:03:43.2781264Z","violations":[],"violationsByPolicy":[],"violationErrorMessage":"The app uses the following connectors: ."}}},"isAppComponentLibrary":false,"appType":"ClassicCanvasApp","appComponents":[]}}