{"schemaVersion":"1.0","appDefinitionTemplate":{"id":"/providers/Microsoft.PowerApps/apps/","type":"Microsoft.PowerApps/apps","tags":{"primaryDeviceWidth":"1366","primaryDeviceHeight":"900","supportsPortrait":"true","supportsLandscape":"true","primaryFormFactor":"Tablet","showStatusBar":"false","publisherVersion":"3.25072.2","minimumRequiredApiVersion":"2.2.0","hasComponent":"false","hasUnlockedComponent":"false","isUnifiedRootApp":"false","sienaVersion":"20250721T053909Z-3.25072.2.0"},"properties":{"appVersion":"2025-07-21T05:39:09Z","lifeCycleId":"Published","createdByClientVersion":{"major":3,"minor":25072,"build":2,"revision":0,"majorRevision":0,"minorRevision":0},"minClientVersion":{"major":3,"minor":25072,"build":2,"revision":0,"majorRevision":0,"minorRevision":0},"backgroundColor":"RGBA(0,176,240,1)","backgroundImageUri":"/4501219333624674211/Nf01f25d0-967d-40ee-86a6-db87c521b5f7-logoSmallFile","displayName":"Shopping Cart using Collection","description":"","commitMessage":"","appUris":{"documentUri":{"value":"/4501219333624674211/N02c0a49c-8afe-41cd-9f26-e820f001d583-document.msapp"},"imageUris":[],"additionalUris":[{"isSolutionAware":false,"value":"/4501219333624674211/N5157b77a-c579-4cc5-bd26-86ef9ec3a82f-identity.json"}]},"createdTime":"0001-01-01T00:00:00Z","lastModifiedTime":"0001-01-01T00:00:00Z","sharedGroupsCount":0,"sharedUsersCount":0,"connectionReferences":{},"databaseReferences":{},"almMode":"Environment","performanceOptimizationEnabled":true,"canConsumeAppPass":true,"enableModernRuntimeMode":false,"executionRestrictions":{"isTeamsOnly":false,"dataLossPreventionEvaluationResult":{"status":"Compliant","lastEvaluationDate":"2025-06-18T05:09:00.6477285Z","violations":[],"violationsByPolicy":[],"violationErrorMessage":"The app uses the following connectors: ."}}},"isAppComponentLibrary":false,"appType":"ClassicCanvasApp","appComponents":[]}}