{"schemaVersion":"1.0","appDefinitionTemplate":{"id":"/providers/Microsoft.PowerApps/apps/","type":"Microsoft.PowerApps/apps","tags":{"primaryDeviceWidth":"1366","primaryDeviceHeight":"768","supportsPortrait":"true","supportsLandscape":"true","primaryFormFactor":"Tablet","showStatusBar":"false","publisherVersion":"3.25072.2","minimumRequiredApiVersion":"2.2.0","hasComponent":"false","hasUnlockedComponent":"false","isUnifiedRootApp":"false","sienaVersion":"20250715T024011Z-3.25072.2.0"},"properties":{"appVersion":"2025-07-15T02:40:11Z","lifeCycleId":"Published","createdByClientVersion":{"major":3,"minor":25072,"build":2,"revision":0,"majorRevision":0,"minorRevision":0},"minClientVersion":{"major":3,"minor":25072,"build":2,"revision":0,"majorRevision":0,"minorRevision":0},"backgroundColor":"RGBA(0,176,240,1)","backgroundImageUri":"/16222055770758959355/N093fad9f-4f64-45d7-b131-e3fd550fea6c-logoSmallFile","displayName":"Mastering Canvas Apps","description":"","commitMessage":"","appUris":{"documentUri":{"value":"/16222055770758959355/N190b5719-57f5-444b-833f-bda16db2aa7b-document.msapp"},"imageUris":[],"additionalUris":[{"isSolutionAware":false,"value":"/16222055770758959355/N7575893b-aae4-42b1-988f-424587e43687-identity.json"}]},"createdTime":"0001-01-01T00:00:00Z","lastModifiedTime":"0001-01-01T00:00:00Z","sharedGroupsCount":0,"sharedUsersCount":0,"connectionReferences":{},"databaseReferences":{},"almMode":"Environment","performanceOptimizationEnabled":true,"canConsumeAppPass":true,"enableModernRuntimeMode":false,"executionRestrictions":{"isTeamsOnly":false,"dataLossPreventionEvaluationResult":{"status":"Compliant","lastEvaluationDate":"2025-07-15T02:40:14.1080774Z","violations":[],"violationsByPolicy":[],"violationErrorMessage":"The app uses the following connectors: ."}}},"isAppComponentLibrary":false,"appType":"ClassicCanvasApp","appComponents":[]}}