{"schemaVersion":"1.0","appDefinitionTemplate":{"id":"/providers/Microsoft.PowerApps/apps/","type":"Microsoft.PowerApps/apps","tags":{"primaryDeviceWidth":"1366","primaryDeviceHeight":"768","supportsPortrait":"true","supportsLandscape":"true","primaryFormFactor":"Tablet","showStatusBar":"false","publisherVersion":"3.25072.2","minimumRequiredApiVersion":"2.2.0","hasComponent":"false","hasUnlockedComponent":"false","isUnifiedRootApp":"false","sienaVersion":"20250721T023240Z-3.25072.2.0"},"properties":{"appVersion":"2025-07-21T02:32:40Z","lifeCycleId":"Published","createdByClientVersion":{"major":3,"minor":25072,"build":2,"revision":0,"majorRevision":0,"minorRevision":0},"minClientVersion":{"major":3,"minor":25072,"build":2,"revision":0,"majorRevision":0,"minorRevision":0},"backgroundColor":"RGBA(0,176,240,1)","backgroundImageUri":"/8451659378787664167/N4da1fdf4-45b4-46c5-b0ec-7d1e46d58584-logoSmallFile","displayName":"Power Apps Controls","description":"","commitMessage":"","appUris":{"documentUri":{"value":"/8451659378787664167/Nddc044ef-6114-4371-a997-fcad51d8b745-document.msapp"},"imageUris":[],"additionalUris":[{"isSolutionAware":false,"value":"/8451659378787664167/Nceecbec2-5bd3-45ec-907c-5af1e36e8dc0-identity.json"}]},"createdTime":"0001-01-01T00:00:00Z","lastModifiedTime":"0001-01-01T00:00:00Z","sharedGroupsCount":0,"sharedUsersCount":0,"connectionReferences":{},"databaseReferences":{},"almMode":"Environment","performanceOptimizationEnabled":true,"canConsumeAppPass":true,"enableModernRuntimeMode":false,"executionRestrictions":{"isTeamsOnly":false,"dataLossPreventionEvaluationResult":{"status":"Compliant","lastEvaluationDate":"2025-07-15T07:21:53.5325889Z","violations":[],"violationsByPolicy":[],"violationErrorMessage":"The app uses the following connectors: ."}}},"isAppComponentLibrary":false,"appType":"ClassicCanvasApp","appComponents":[]}}